,girth,height,volume
0,13.248387096774195,76.0,30.17096774193548
